INSERT INTO pm_custmr (cid,fname,lname,street,h_no,apt_no,city,STATE,country,zip,gender,mart_status) VALUES (1023456789,'MARK','STINSON','UNION STREET',134,'A12','MANHATTAN','NEW YORK','USA',11221,'M','S');

INSERT INTO pm_custmr (cid,fname,mname,lname,street,h_no,city,STATE,country,zip,gender,mart_status) VALUES (1023456739,'ANGELA','RYAN','DAIVS','UNION STREET',132,'MANHATTAN','NEW YORK','USA',11221,'F','S');


INSERT INTO pm_custmr (cid,fname,mname,lname,street,h_no,apt_no,city,STATE,country,zip,gender,mart_status) VALUES (1203456789,'RACHEL','KAREN','GREEN','E 64TH STREET',2,12,'MANHATTAN','NEW YORK','USA',11225,'F','M');

INSERT INTO pm_custmr (cid,fname,mname,lname,street,h_no,city,STATE,country,zip,gender,mart_status) VALUES (1230456789,'CHANDLER','MURIEL','BING','CEDAR STREET',30,'NEW ROCHELLE','NEW YORK','USA',12221,'M','M');

INSERT INTO pm_custmr (cid,fname,lname,street,h_no,apt_no,city,STATE,country,zip,gender,mart_status) VALUES (1234056789,'ABIGAIL','GLENN','JEFFERSON STREET',4,'2','HOBOKEN','NEW JERSEY','USA',10221,'F','S');

INSERT INTO pm_custmr (cid,fname,lname,street,h_no,apt_no,city,STATE,country,zip,gender,mart_status) VALUES (1234506789,'ROSS','GELLER','60TH Street',24,'C2','BROOKLYN','NEW YORK','USA',13221,'M','S');

INSERT INTO pm_custmr (cid,fname,lname,street,h_no,city,STATE,country,zip,gender,mart_status) VALUES (1023456749,'JOEY','TRIBBIANI','60TH STREET',7,'BROOKLYN','NEW YORK','USA',13221,'M','M');

INSERT INTO pm_custmr (cid,fname,mname,lname,street,h_no,apt_no,city,STATE,country,zip,gender,mart_status) VALUES (1234560789,'KAYLA','WANG','WU','CANAL STREET',5,'7','MANHATTAN','NEW YORK','USA',13220,'F','W');

INSERT INTO pm_custmr (cid,fname,lname,street,h_no,city,STATE,country,zip,gender,mart_status) VALUES (1234567089,'DANIEL','RIGGS','130TH STREET',6,'BRONX','NEW YORK','USA',21221,'M','W');

INSERT INTO pm_custmr (cid,fname,mname,lname,street,h_no,apt_no,city,STATE,country,zip,gender,mart_status) VALUES (1234567809,'RAJESH','RAMAYAN','KOOTHRAPALLI','182ND STREET',8,'B10','QUEENS','NEW YORK','USA',31221,'M','S');
INSERT INTO pm_custmr (cid,fname,lname,street,h_no,apt_no,city,STATE,country,zip,gender,mart_status) VALUES (1234567890,'MONICA','GELLER','54TH STREET',1,'1','MANHATTAN','NEW YORK','USA',51221,'F','M');

INSERT INTO pm_custmr (cid,fname,lname,street,h_no,apt_no,city,STATE,country,zip,gender,mart_status) VALUES (1023456788,'PENNY','HOFSTADER','14TH STREET',18,'1','MANHATTAN','NEW YORK','USA',21321,'F','S');
INSERT INTO pm_custmr (cid,fname,mname,lname,street,h_no,city,STATE,country,zip,gender,mart_status) VALUES (1023456787,'SHELDON','LEE','COOPER','53RD STREET',15,'BROOKLYN','NEW YORK','USA',21320,'M','S');

INSERT INTO pm_custmr (cid,fname,mname,lname,street,h_no,apt_no,city,STATE,country,zip,mart_status) VALUES (1023456786,'AMY','FARRAH','FOWLER','30TH STREET',4,'A2','JERSEY HEIGHTS','NEW JERSEY','USA',20321,'M');

INSERT INTO pm_custmr (cid,fname,lname,street,h_no,city,STATE,country,zip,gender,mart_status) VALUES (1023456785,'PHOEBE','BUFFAY','13TH STREET',7,'MANHATTAN','NEW YORK','USA',21421,'F','M');

INSERT INTO pm_custmr (cid,fname,lname,street,h_no,apt_no,city,STATE,country,zip,gender,mart_status) VALUES (1023456784,'LENOARD','HOFFSTADER','WASHINGTON STREET',21,'6','JOURNAL SQUARE','NEW JERSEY','USA',11821,'M','M');

INSERT INTO pm_custmr (cid,fname,lname,street,h_no,apt_no,city,STATE,country,zip,mart_status) VALUES (1023456783,'TAYLOR','JOHNSON','11TH STREET',3,'13','GARDEN CITY','NEW YORK','USA',11271,'W');

INSERT INTO pm_custmr (cid,fname,lname,street,h_no,city,STATE,country,zip,gender,mart_status) VALUES (1023456782,'HOWARD','WOLOWITZ','Union Street',61,'ALBANY','NEW YORK','USA',1126112,'M','S');

INSERT INTO pm_custmr (cid,fname,lname,street,h_no,apt_no,city,STATE,country,zip,mart_status) VALUES (1023456781,'BERNADETTET','RAUCH','COURT STREET',9,'9','CEDAR VALLEY','NEW JERSEY','USA',112313,'S');

INSERT INTO pm_custmr (cid,fname,lname,street,h_no,apt_no,city,STATE,country,zip,gender,mart_status) VALUES (1023456719,'MICHAEL','SCOTT','SUMMER STREET',1,'B1','STRANTON','CONNECTICUT','USA',1062122,'M','S');

INSERT INTO pm_custmr (cid,fname,mname,lname,street,h_no,city,STATE,country,zip,gender,mart_status) VALUES (1023456729,'JIM','JAMES','HALPERT','1ST STREET',134,'STANFORD','CONNECTICUT','USA',134211,'M','M');



INSERT INTO pm_custmr (cid,fname,mname,lname,street,h_no,apt_no,city,STATE,country,zip,mart_status) VALUES (1003456786,'JAMES','MICHAEL','BAY','1ST STREET',2,'5','PHILADELPHIA','PENNSYLVANIA','USA',20021,'M');

INSERT INTO pm_custmr (cid,fname,lname,street,h_no,city,STATE,country,zip,gender,mart_status) VALUES (1003456785,'BETTY','NOLAN','3RD STREET',12,'MANHATTAN','NEW YORK','USA',20421,'F','M');

INSERT INTO pm_custmr (cid,fname,lname,street,h_no,apt_no,city,STATE,country,zip,gender,mart_status) VALUES (1003456784,'CHRIS','NOLAN','WALL STREET',212,'B2','MANHATTAN','NEW YORK','USA',10821,'M','M');

INSERT INTO pm_custmr (cid,fname,lname,street,h_no,apt_no,city,STATE,country,zip,mart_status) VALUES (1003456783,'TAYLOR','ROSS','124TH STREET',34,'C1','BRONX','NEW YORK','USA',10271,'W');

INSERT INTO pm_custmr (cid,fname,lname,street,h_no,city,STATE,country,zip,gender,mart_status) VALUES (1003456782,'DEEPIKA','PATEL','1ST Street',4,'ALBANY','NEW YORK','USA',1026112,'F','S');

INSERT INTO pm_custmr (cid,fname,lname,street,h_no,apt_no,city,STATE,country,zip,gender,mart_status) VALUES (1003456719,'PAM','ANDERSON','BAKER STREET',11,'11','STRANTON','CONNECTICUT','USA',1002122,'F','S');

INSERT INTO pm_custmr (cid,fname,mname,lname,street,h_no,city,STATE,country,zip,gender,mart_status) VALUES (1003456729,'DWIGHT','JOHN','HOWARD','1ST STREET',34,'STANFORD','CONNECTICUT','USA',130211,'M','M');

INSERT INTO pm_custmr (cid,fname,lname,street,h_no,apt_no,city,STATE,country,zip,mart_status) VALUES (1003456781,'MELISSA','KIM','CANAL STREET',2,'A3','MANHATTAN','NEW YORK','USA',102313,'S');

COMMIT;



INSERT INTO PM_INSRNCE (INS_NO,INS_TYPE,STATUS,PREM_AMT) VALUES (1000000001,'H','C','1200.000');

INSERT INTO PM_INSRNCE (INS_NO,INS_TYPE,STATUS,PREM_AMT) VALUES (1000000002,'H','P','1500.000');

INSERT INTO PM_INSRNCE (INS_NO,INS_TYPE,STATUS,PREM_AMT) VALUES (1000000003,'A','C','1200.000');

INSERT INTO PM_INSRNCE (INS_NO,INS_TYPE,STATUS,PREM_AMT) VALUES (1000000004,'A','P','1250.000');

INSERT INTO PM_INSRNCE (INS_NO,INS_TYPE,STATUS,PREM_AMT) VALUES (1000000005,'H','C','1220.000');

INSERT INTO PM_INSRNCE (INS_NO,INS_TYPE,STATUS,PREM_AMT) VALUES (1000000006,'A','C','1550.000');

INSERT INTO PM_INSRNCE (INS_NO,INS_TYPE,STATUS,PREM_AMT) VALUES (1000000007,'H','C','1150.500');

INSERT INTO PM_INSRNCE (INS_NO,INS_TYPE,STATUS,PREM_AMT) VALUES (1000000008,'H','C','1600.000');

INSERT INTO PM_INSRNCE (INS_NO,INS_TYPE,STATUS,PREM_AMT) VALUES (1000000009,'A','C','1650.000');
INSERT INTO PM_INSRNCE (INS_NO,INS_TYPE,STATUS,PREM_AMT) VALUES (1000000010,'A','C','1350.000');

INSERT INTO PM_INSRNCE (INS_NO,INS_TYPE,STATUS,PREM_AMT) VALUES (1000000011,'H','C','1300.000');

INSERT INTO PM_INSRNCE (INS_NO,INS_TYPE,STATUS,PREM_AMT) VALUES (1000000012,'H','P','1150.000');

INSERT INTO PM_INSRNCE (INS_NO,INS_TYPE,STATUS,PREM_AMT) VALUES (1000000013,'A','P','1200.000');

INSERT INTO PM_INSRNCE (INS_NO,INS_TYPE,STATUS,PREM_AMT) VALUES (1000000014,'H','C','1000.000');

INSERT INTO PM_INSRNCE (INS_NO,INS_TYPE,STATUS,PREM_AMT) VALUES (1000000015,'A','C','1550.000');
INSERT INTO PM_INSRNCE (INS_NO,INS_TYPE,STATUS,PREM_AMT) VALUES (1000000016,'A','C','1250.000');

INSERT INTO PM_INSRNCE (INS_NO,INS_TYPE,STATUS,PREM_AMT) VALUES (1000000017,'H','C','1400.000');

INSERT INTO PM_INSRNCE (INS_NO,INS_TYPE,STATUS,PREM_AMT) VALUES (1000000018,'A','C','1600.000');

INSERT INTO PM_INSRNCE (INS_NO,INS_TYPE,STATUS,PREM_AMT) VALUES (1000000019,'H','C','1700.000');

INSERT INTO PM_INSRNCE (INS_NO,INS_TYPE,STATUS,PREM_AMT) VALUES (1000000020,'A','C','1650.000');

INSERT INTO PM_INSRNCE (INS_NO,INS_TYPE,STATUS,PREM_AMT) VALUES (1000000021,'H','C','1230.000');

INSERT INTO PM_INSRNCE (INS_NO,INS_TYPE,STATUS,PREM_AMT) VALUES (1000000022,'H','C','1275.000');

INSERT INTO PM_INSRNCE (INS_NO,INS_TYPE,STATUS,PREM_AMT) VALUES (1000000023,'A','C','1375.000');
INSERT INTO PM_INSRNCE (INS_NO,INS_TYPE,STATUS,PREM_AMT) VALUES (1000000024,'H','C','1425.000');

INSERT INTO PM_INSRNCE (INS_NO,INS_TYPE,STATUS,PREM_AMT) VALUES (1000000025,'A','C','1225.000');

INSERT INTO PM_INSRNCE (INS_NO,INS_TYPE,STATUS,PREM_AMT) VALUES (1000000026,'H','P','1075.000');

INSERT INTO PM_INSRNCE (INS_NO,INS_TYPE,STATUS,PREM_AMT) VALUES (1000000027,'A','C','750.000');

INSERT INTO PM_INSRNCE (INS_NO,INS_TYPE,STATUS,PREM_AMT) VALUES (1000000028,'H','C','1850.000');

INSERT INTO PM_INSRNCE (INS_NO,INS_TYPE,STATUS,PREM_AMT) VALUES (1000000029,'A','P','800.000');

INSERT INTO PM_INSRNCE (INS_NO,INS_TYPE,STATUS,PREM_AMT) VALUES (1000000030,'H','C','950.000');



INSERT INTO PM_INSRNCE (INS_NO,INS_TYPE,STATUS,PREM_AMT) VALUES (1000000031,'H','C','1235.000');

INSERT INTO PM_INSRNCE (INS_NO,INS_TYPE,STATUS,PREM_AMT) VALUES (1000000032,'H','C','1075.000');

INSERT INTO PM_INSRNCE (INS_NO,INS_TYPE,STATUS,PREM_AMT) VALUES (1000000033,'A','C','1175.000');
INSERT INTO PM_INSRNCE (INS_NO,INS_TYPE,STATUS,PREM_AMT) VALUES (1000000034,'A','C','1225.000');

INSERT INTO PM_INSRNCE (INS_NO,INS_TYPE,STATUS,PREM_AMT) VALUES (1000000035,'A','C','1025.000');

INSERT INTO PM_INSRNCE (INS_NO,INS_TYPE,STATUS,PREM_AMT) VALUES (1000000036,'H','P','1175.000');

INSERT INTO PM_INSRNCE (INS_NO,INS_TYPE,STATUS,PREM_AMT) VALUES (1000000037,'A','C','1050.000');

INSERT INTO PM_INSRNCE (INS_NO,INS_TYPE,STATUS,PREM_AMT) VALUES (1000000038,'H','C','1750.000');

INSERT INTO PM_INSRNCE (INS_NO,INS_TYPE,STATUS,PREM_AMT) VALUES (1000000039,'A','P','850.000');

INSERT INTO PM_INSRNCE (INS_NO,INS_TYPE,STATUS,PREM_AMT) VALUES (1000000040,'A','C','1450.000');

COMMIT;




INSERT INTO PM_CUST_INSR (START_DATE,END_DATE,CID,INS_NO) VALUES (TO_DATE('01/22/2020','MM/DD/YYYY'),TO_DATE('01/22/2030','MM/DD/YYYY'),1023456789,1000000001);

INSERT INTO PM_CUST_INSR (START_DATE,END_DATE,CID,INS_NO) VALUES (TO_DATE('02/02/2016','MM/DD/YYYY'),TO_DATE('02/02/2021','MM/DD/YYYY'),1023456739,1000000002);

INSERT INTO PM_CUST_INSR (START_DATE,END_DATE,CID,INS_NO) VALUES (TO_DATE('05/12/2014','MM/DD/YYYY'),TO_DATE('05/12/2020','MM/DD/YYYY'),1203456789,1000000004);

INSERT INTO PM_CUST_INSR (START_DATE,END_DATE,CID,INS_NO) VALUES (TO_DATE('07/15/2011','MM/DD/YYYY'),TO_DATE('07/15/2019','MM/DD/YYYY'),1230456789,1000000012);

INSERT INTO PM_CUST_INSR (START_DATE,END_DATE,CID,INS_NO) VALUES (TO_DATE('08/18/2010','MM/DD/YYYY'),TO_DATE('08/18/2018','MM/DD/YYYY'),1230456789,1000000013);

INSERT INTO PM_CUST_INSR (START_DATE,END_DATE,CID,INS_NO) VALUES (TO_DATE('06/13/2017','MM/DD/YYYY'),TO_DATE('06/13/2025','MM/DD/YYYY'),1234056789,1000000025);

INSERT INTO PM_CUST_INSR (START_DATE,END_DATE,CID,INS_NO) VALUES (TO_DATE('12/24/2012','MM/DD/YYYY'),TO_DATE('12/24/2017','MM/DD/YYYY'),1234056789,1000000026);

INSERT INTO PM_CUST_INSR (START_DATE,END_DATE,CID,INS_NO) VALUES (TO_DATE('02/26/2019','MM/DD/YYYY'),TO_DATE('02/26/2024','MM/DD/YYYY'),1234506789,1000000028);

INSERT INTO PM_CUST_INSR (START_DATE,END_DATE,CID,INS_NO) VALUES (TO_DATE('01/31/2015','MM/DD/YYYY'),TO_DATE('01/31/2020','MM/DD/YYYY'),1234506789,1000000029);

INSERT INTO PM_CUST_INSR (START_DATE,END_DATE,CID,INS_NO) VALUES (TO_DATE('06/17/2013','MM/DD/YYYY'),TO_DATE('06/17/2023','MM/DD/YYYY'),1023456749,1000000003);

INSERT INTO PM_CUST_INSR (START_DATE,END_DATE,CID,INS_NO) VALUES (TO_DATE('01/01/2014','MM/DD/YYYY'),TO_DATE('01/01/2022','MM/DD/YYYY'),1234560789,1000000005);
INSERT INTO PM_CUST_INSR (START_DATE,END_DATE,CID,INS_NO) VALUES (TO_DATE('01/05/2014','MM/DD/YYYY'),TO_DATE('01/05/2022','MM/DD/YYYY'),1234560789,1000000006);

INSERT INTO PM_CUST_INSR (START_DATE,END_DATE,CID,INS_NO) VALUES (TO_DATE('01/25/2014','MM/DD/YYYY'),TO_DATE('01/25/2022','MM/DD/YYYY'),1023456789,1000000007);

INSERT INTO PM_CUST_INSR (START_DATE,END_DATE,CID,INS_NO) VALUES (TO_DATE('02/04/2015','MM/DD/YYYY'),TO_DATE('02/04/2022','MM/DD/YYYY'),1023456782,1000000008);

INSERT INTO PM_CUST_INSR (START_DATE,END_DATE,CID,INS_NO) VALUES (TO_DATE('02/05/2015','MM/DD/YYYY'),TO_DATE('02/05/2023','MM/DD/YYYY'),1023456782,1000000009);

INSERT INTO PM_CUST_INSR (START_DATE,END_DATE,CID,INS_NO) VALUES (TO_DATE('02/17/2015','MM/DD/YYYY'),TO_DATE('01/17/2023','MM/DD/YYYY'),1234567089,1000000010);

INSERT INTO PM_CUST_INSR (START_DATE,END_DATE,CID,INS_NO) VALUES (TO_DATE('02/19/2015','MM/DD/YYYY'),TO_DATE('01/19/2023','MM/DD/YYYY'),1234567089,1000000011);

INSERT INTO PM_CUST_INSR (START_DATE,END_DATE,CID,INS_NO) VALUES (TO_DATE('02/28/2016','MM/DD/YYYY'),TO_DATE('02/28/2023','MM/DD/YYYY'),1234567809,1000000014);

INSERT INTO PM_CUST_INSR (START_DATE,END_DATE,CID,INS_NO) VALUES (TO_DATE('02/28/2016','MM/DD/YYYY'),TO_DATE('02/28/2023','MM/DD/YYYY'),1234567809,1000000015);

INSERT INTO PM_CUST_INSR (START_DATE,END_DATE,CID,INS_NO) VALUES (TO_DATE('10/11/2016','MM/DD/YYYY'),TO_DATE('10/11/2024','MM/DD/YYYY'),1234567890,1000000016);

INSERT INTO PM_CUST_INSR (START_DATE,END_DATE,CID,INS_NO) VALUES (TO_DATE('10/13/2016','MM/DD/YYYY'),TO_DATE('10/13/2024','MM/DD/YYYY'),1234567890,1000000017);

INSERT INTO PM_CUST_INSR (START_DATE,END_DATE,CID,INS_NO) VALUES (TO_DATE('05/04/2017','MM/DD/YYYY'),TO_DATE('05/04/2024','MM/DD/YYYY'),1023456788,1000000018);
INSERT INTO PM_CUST_INSR (START_DATE,END_DATE,CID,INS_NO) VALUES (TO_DATE('05/07/2017','MM/DD/YYYY'),TO_DATE('05/07/2024','MM/DD/YYYY'),1023456788,1000000019);

INSERT INTO PM_CUST_INSR (START_DATE,END_DATE,CID,INS_NO) VALUES (TO_DATE('07/22/2017','MM/DD/YYYY'),TO_DATE('07/22/2023','MM/DD/YYYY'),1023456787,1000000020);

INSERT INTO PM_CUST_INSR (START_DATE,END_DATE,CID,INS_NO) VALUES (TO_DATE('07/26/2017','MM/DD/YYYY'),TO_DATE('07/26/2023','MM/DD/YYYY'),1023456787,1000000021);

INSERT INTO PM_CUST_INSR (START_DATE,END_DATE,CID,INS_NO) VALUES (TO_DATE('01/02/2018','MM/DD/YYYY'),TO_DATE('01/02/2025','MM/DD/YYYY'),1023456786,1000000022);

INSERT INTO PM_CUST_INSR (START_DATE,END_DATE,CID,INS_NO) VALUES (TO_DATE('01/06/2018','MM/DD/YYYY'),TO_DATE('01/06/2025','MM/DD/YYYY'),1023456786,1000000023);

INSERT INTO PM_CUST_INSR (START_DATE,END_DATE,CID,INS_NO) VALUES (TO_DATE('05/21/2018','MM/DD/YYYY'),TO_DATE('05/21/2026','MM/DD/YYYY'),1023456785,1000000024);

INSERT INTO PM_CUST_INSR (START_DATE,END_DATE,CID,INS_NO) VALUES (TO_DATE('05/21/2018','MM/DD/YYYY'),TO_DATE('05/21/2026','MM/DD/YYYY'),1023456781,1000000024);

INSERT INTO PM_CUST_INSR (START_DATE,END_DATE,CID,INS_NO) VALUES (TO_DATE('09/17/2018','MM/DD/YYYY'),TO_DATE('09/17/2025','MM/DD/YYYY'),1023456784,1000000027);

INSERT INTO PM_CUST_INSR (START_DATE,END_DATE,CID,INS_NO) VALUES (TO_DATE('09/17/2018','MM/DD/YYYY'),TO_DATE('09/17/2025','MM/DD/YYYY'),1023456719,1000000027);

INSERT INTO PM_CUST_INSR (START_DATE,END_DATE,CID,INS_NO) VALUES (TO_DATE('12/03/2018','MM/DD/YYYY'),TO_DATE('12/03/2027','MM/DD/YYYY'),1023456783,1000000030);

INSERT INTO PM_CUST_INSR (START_DATE,END_DATE,CID,INS_NO) VALUES (TO_DATE('12/03/2018','MM/DD/YYYY'),TO_DATE('12/03/2027','MM/DD/YYYY'),1023456729,1000000030);




INSERT INTO PM_CUST_INSR (START_DATE,END_DATE,CID,INS_NO) VALUES (TO_DATE('02/04/2015','MM/DD/YYYY'),TO_DATE('02/04/2022','MM/DD/YYYY'),1003456786,1000000031);

INSERT INTO PM_CUST_INSR (START_DATE,END_DATE,CID,INS_NO) VALUES (TO_DATE('02/05/2015','MM/DD/YYYY'),TO_DATE('02/05/2023','MM/DD/YYYY'),1003456785,1000000032);

INSERT INTO PM_CUST_INSR (START_DATE,END_DATE,CID,INS_NO) VALUES (TO_DATE('02/17/2015','MM/DD/YYYY'),TO_DATE('01/17/2023','MM/DD/YYYY'),1003456785,1000000033);

INSERT INTO PM_CUST_INSR (START_DATE,END_DATE,CID,INS_NO) VALUES (TO_DATE('02/19/2015','MM/DD/YYYY'),TO_DATE('01/19/2023','MM/DD/YYYY'),1003456783,1000000034);

INSERT INTO PM_CUST_INSR (START_DATE,END_DATE,CID,INS_NO) VALUES (TO_DATE('02/28/2016','MM/DD/YYYY'),TO_DATE('02/28/2023','MM/DD/YYYY'),1003456784,1000000035);

INSERT INTO PM_CUST_INSR (START_DATE,END_DATE,CID,INS_NO) VALUES (TO_DATE('02/28/2016','MM/DD/YYYY'),TO_DATE('02/28/2023','MM/DD/YYYY'),1003456784,1000000036);

INSERT INTO PM_CUST_INSR (START_DATE,END_DATE,CID,INS_NO) VALUES (TO_DATE('10/11/2016','MM/DD/YYYY'),TO_DATE('10/11/2024','MM/DD/YYYY'),1003456782,1000000037);

INSERT INTO PM_CUST_INSR (START_DATE,END_DATE,CID,INS_NO) VALUES (TO_DATE('10/13/2016','MM/DD/YYYY'),TO_DATE('10/13/2024','MM/DD/YYYY'),1003456719,1000000038);

INSERT INTO PM_CUST_INSR (START_DATE,END_DATE,CID,INS_NO) VALUES (TO_DATE('05/04/2017','MM/DD/YYYY'),TO_DATE('05/04/2024','MM/DD/YYYY'),1003456729,1000000039);
INSERT INTO PM_CUST_INSR (START_DATE,END_DATE,CID,INS_NO) VALUES (TO_DATE('05/07/2017','MM/DD/YYYY'),TO_DATE('05/07/2024','MM/DD/YYYY'),1003456781,1000000040);

COMMIT;


INSERT INTO PM_IN_AUTO (INS_NO) VALUES (1000000003);
INSERT INTO PM_IN_AUTO (INS_NO) VALUES (1000000004);
INSERT INTO PM_IN_AUTO (INS_NO) VALUES (1000000006);
INSERT INTO PM_IN_AUTO (INS_NO) VALUES (1000000009);
INSERT INTO PM_IN_AUTO (INS_NO) VALUES (1000000010);

INSERT INTO PM_IN_AUTO (INS_NO) VALUES (1000000013);
INSERT INTO PM_IN_AUTO (INS_NO) VALUES (1000000015);
INSERT INTO PM_IN_AUTO (INS_NO) VALUES (1000000016);
INSERT INTO PM_IN_AUTO (INS_NO) VALUES (1000000018);
INSERT INTO PM_IN_AUTO (INS_NO) VALUES (1000000020);

INSERT INTO PM_IN_AUTO (INS_NO) VALUES (1000000023);
INSERT INTO PM_IN_AUTO (INS_NO) VALUES (1000000025);
INSERT INTO PM_IN_AUTO (INS_NO) VALUES (1000000027);
INSERT INTO PM_IN_AUTO (INS_NO) VALUES (1000000029);

INSERT INTO PM_IN_AUTO (INS_NO) VALUES (1000000033);
INSERT INTO PM_IN_AUTO (INS_NO) VALUES (1000000034);

INSERT INTO PM_IN_AUTO (INS_NO) VALUES (1000000035);
INSERT INTO PM_IN_AUTO (INS_NO) VALUES (1000000037);
INSERT INTO PM_IN_AUTO (INS_NO) VALUES (1000000039);
INSERT INTO PM_IN_AUTO (INS_NO) VALUES (1000000040);

COMMIT;




INSERT INTO PM_IN_HOME (INS_NO) VALUES (1000000001);
INSERT INTO PM_IN_HOME (INS_NO) VALUES (1000000002);
INSERT INTO PM_IN_HOME (INS_NO) VALUES (1000000005);
INSERT INTO PM_IN_HOME (INS_NO) VALUES (1000000007);
INSERT INTO PM_IN_HOME (INS_NO) VALUES (1000000008);

INSERT INTO PM_IN_HOME (INS_NO) VALUES (1000000011);
INSERT INTO PM_IN_HOME (INS_NO) VALUES (1000000012);
INSERT INTO PM_IN_HOME (INS_NO) VALUES (1000000014);
INSERT INTO PM_IN_HOME (INS_NO) VALUES (1000000017);
INSERT INTO PM_IN_HOME (INS_NO) VALUES (1000000019);

INSERT INTO PM_IN_HOME (INS_NO) VALUES (1000000021);
INSERT INTO PM_IN_HOME (INS_NO) VALUES (1000000022);
INSERT INTO PM_IN_HOME (INS_NO) VALUES (1000000024);
INSERT INTO PM_IN_HOME (INS_NO) VALUES (1000000026);
INSERT INTO PM_IN_HOME (INS_NO) VALUES (1000000030);
INSERT INTO PM_IN_HOME (INS_NO) VALUES (1000000028);

INSERT INTO PM_IN_HOME (INS_NO) VALUES (1000000031);
INSERT INTO PM_IN_HOME (INS_NO) VALUES (1000000032);
INSERT INTO PM_IN_HOME (INS_NO) VALUES (1000000036);
INSERT INTO PM_IN_HOME (INS_NO) VALUES (1000000038);

COMMIT;



INSERT INTO PM_HOME (HOUSE_ID,PUR_DATE,PUR_VALUE,AREA,HTYPE,AUTO_FIRE_N,HOME_SECURITY,BASEMENT,INS_NO) VALUES (1000001,'10-JUL-11',1200000,3000,'S',1,1,1,1000000001);

INSERT INTO PM_HOME (HOUSE_ID,PUR_DATE,PUR_VALUE,AREA,HTYPE,AUTO_FIRE_N,HOME_SECURITY,BASEMENT,INS_NO) VALUES (1000002,'02-JAN-16',1000000,2500,'M',1,1,0,1000000002);

INSERT INTO PM_HOME (HOUSE_ID,PUR_DATE,PUR_VALUE,AREA,HTYPE,AUTO_FIRE_N,HOME_SECURITY,BASEMENT,INS_NO) VALUES (1000003,'01-DEC-13',700000,1250,'C',1,0,1,1000000005);

INSERT INTO PM_HOME (HOUSE_ID,PUR_DATE,PUR_VALUE,AREA,HTYPE,AUTO_FIRE_N,HOME_SECURITY,BASEMENT,INS_NO) VALUES (1000004,'05-JAN-14',750000,1500,'T',1,0,0,1000000007);

INSERT INTO PM_HOME (HOUSE_ID,PUR_DATE,PUR_VALUE,AREA,HTYPE,AUTO_FIRE_N,HOME_SECURITY,BASEMENT,INS_NO) VALUES (1000005,'14-JAN-15',800000,1750,'S',0,1,1,1000000008);

INSERT INTO PM_HOME (HOUSE_ID,PUR_DATE,PUR_VALUE,AREA,HTYPE,AUTO_FIRE_N,HOME_SECURITY,BASEMENT,INS_NO) VALUES (1000006,'09-FEB-15',1000000,2000,'S',0,1,0,1000000011);

INSERT INTO PM_HOME (HOUSE_ID,PUR_DATE,PUR_VALUE,AREA,HTYPE,AUTO_FIRE_N,HOME_SECURITY,BASEMENT,INS_NO) VALUES (1000007,'05-JUL-11',600000,1225,'M',0,0,1,1000000012);

INSERT INTO PM_HOME (HOUSE_ID,PUR_DATE,PUR_VALUE,AREA,HTYPE,AUTO_FIRE_N,HOME_SECURITY,BASEMENT,INS_NO) VALUES (1000008,'08-FEB-16',650000,1275,'C',1,1,1,1000000014);

INSERT INTO PM_HOME (HOUSE_ID,PUR_DATE,PUR_VALUE,AREA,HTYPE,AUTO_FIRE_N,HOME_SECURITY,BASEMENT,INS_NO) VALUES (1000009,'03-OCT-16',500000,1125,'C',1,0,1,1000000017);

INSERT INTO PM_HOME (HOUSE_ID,PUR_DATE,PUR_VALUE,AREA,HTYPE,AUTO_FIRE_N,HOME_SECURITY,BASEMENT,INS_NO) VALUES (1000010,'27-APR-17',900000,2200,'T',1,1,0,1000000019);

INSERT INTO PM_HOME (HOUSE_ID,PUR_DATE,PUR_VALUE,AREA,HTYPE,AUTO_FIRE_N,HOME_SECURITY,BASEMENT,INS_NO) VALUES (1000011,'16-JUL-17',1300000,3000,'T',1,1,1,1000000021);

INSERT INTO PM_HOME (HOUSE_ID,PUR_DATE,PUR_VALUE,AREA,HTYPE,AUTO_FIRE_N,HOME_SECURITY,BASEMENT,INS_NO) VALUES (1000012,'22-DEC-17',1100000,2700,'S',0,1,1,1000000022);

INSERT INTO PM_HOME (HOUSE_ID,PUR_DATE,PUR_VALUE,AREA,HTYPE,AUTO_FIRE_N,HOME_SECURITY,BASEMENT,INS_NO) VALUES (1000099,'10-JUL-10',800000,1600,'S',1,0,0,1000000001);

INSERT INTO PM_HOME (HOUSE_ID,PUR_DATE,PUR_VALUE,AREA,HTYPE,AUTO_FIRE_N,HOME_SECURITY,BASEMENT,INS_NO) VALUES (1000098,'14-DEC-14',850000,1700,'M',0,0,0,1000000008);

INSERT INTO PM_HOME (HOUSE_ID,PUR_DATE,PUR_VALUE,AREA,HTYPE,AUTO_FIRE_N,HOME_SECURITY,BASEMENT,INS_NO) VALUES (1000097,'08-FEB-15',900000,1800,'T',0,1,1,1000000014);

INSERT INTO PM_HOME (HOUSE_ID,PUR_DATE,PUR_VALUE,AREA,HTYPE,AUTO_FIRE_N,HOME_SECURITY,BASEMENT,SWIM_POOL,INS_NO) VALUES (1000096,'22-JAN-15',1000000,2200,'C',0,1,0,'U',1000000022);

INSERT INTO PM_HOME (HOUSE_ID,PUR_DATE,PUR_VALUE,AREA,HTYPE,AUTO_FIRE_N,HOME_SECURITY,BASEMENT,SWIM_POOL,INS_NO) VALUES (1000095,'22-FEB-16',1050000,2400,'S',0,0,1,'I',1000000022);

INSERT INTO PM_HOME (HOUSE_ID,PUR_DATE,PUR_VALUE,AREA,HTYPE,AUTO_FIRE_N,HOME_SECURITY,BASEMENT,SWIM_POOL,INS_NO) VALUES (1000013,'11-MAY-18',1000000,2000,'M',1,1,1,'U',1000000024);

INSERT INTO PM_HOME (HOUSE_ID,PUR_DATE,PUR_VALUE,AREA,HTYPE,AUTO_FIRE_N,HOME_SECURITY,BASEMENT,SWIM_POOL,INS_NO) VALUES (1000014,'14-DEC-12',950000,1900,'S',1,1,0,'O',1000000026);

INSERT INTO PM_HOME (HOUSE_ID,PUR_DATE,PUR_VALUE,AREA,HTYPE,AUTO_FIRE_N,HOME_SECURITY,BASEMENT,SWIM_POOL,INS_NO) VALUES (1000015,'16-FEB-19',850000,1800,'T',0,1,1,'I',1000000028);
INSERT INTO PM_HOME (HOUSE_ID,PUR_DATE,PUR_VALUE,AREA,HTYPE,AUTO_FIRE_N,HOME_SECURITY,BASEMENT,SWIM_POOL,INS_NO) VALUES (1000016,'23-NOV-18',1200000,2700,'C',1,0,1,'M',1000000030);


INSERT INTO PM_HOME (HOUSE_ID,PUR_DATE,PUR_VALUE,AREA,HTYPE,AUTO_FIRE_N,HOME_SECURITY,BASEMENT,SWIM_POOL,INS_NO) VALUES (1000017,'10-APR-18',500000,1200,'M',1,0,1,'U',1000000031);

INSERT INTO PM_HOME (HOUSE_ID,PUR_DATE,PUR_VALUE,AREA,HTYPE,AUTO_FIRE_N,HOME_SECURITY,BASEMENT,SWIM_POOL,INS_NO) VALUES (1000018,'04-NOV-19',750000,1700,'S',0,1,0,'O',1000000032);

INSERT INTO PM_HOME (HOUSE_ID,PUR_DATE,PUR_VALUE,AREA,HTYPE,AUTO_FIRE_N,HOME_SECURITY,BASEMENT,SWIM_POOL,INS_NO) VALUES (1000019,'06-MAR-13',800000,1850,'T',0,1,1,'I',1000000036);
INSERT INTO PM_HOME (HOUSE_ID,PUR_DATE,PUR_VALUE,AREA,HTYPE,AUTO_FIRE_N,HOME_SECURITY,BASEMENT,INS_NO) VALUES (1000020,'13-JAN-21',450000,1000,'C',1,1,1,1000000038);
INSERT INTO PM_HOME (HOUSE_ID,PUR_DATE,PUR_VALUE,AREA,HTYPE,AUTO_FIRE_N,HOME_SECURITY,BASEMENT,SWIM_POOL,INS_NO) VALUES (1000094,'23-NOV-20',1250000,2500,'C',1,0,1,'M',1000000032);

COMMIT;



INSERT INTO PM_VEHCLE (VIN,VMAKE,VMODEL,MODEL_YR,STATUS,INS_NO) VALUES (1231234,'TOYOTA','COROLLA',2013,'L',1000000003);

INSERT INTO PM_VEHCLE (VIN,VMAKE,VMODEL,MODEL_YR,STATUS,INS_NO) VALUES (1231235,'TOYOTA','PRIUS',2014,'F',1000000004);

INSERT INTO PM_VEHCLE (VIN,VMAKE,VMODEL,MODEL_YR,STATUS,INS_NO) VALUES (1231236,'TOYOTA','CAMRY',2014,'O',1000000006);

INSERT INTO PM_VEHCLE (VIN,VMAKE,VMODEL,MODEL_YR,STATUS,INS_NO) VALUES (1231237,'BMW','X1',2015,'O',1000000009);

INSERT INTO PM_VEHCLE (VIN,VMAKE,VMODEL,MODEL_YR,STATUS,INS_NO) VALUES (1231238,'FORD','EDGE',2015,'F',1000000010);

INSERT INTO PM_VEHCLE (VIN,VMAKE,VMODEL,MODEL_YR,STATUS,INS_NO) VALUES (1231239,'FORD','ESCAPE',2010,'L',1000000013);

INSERT INTO PM_VEHCLE (VIN,VMAKE,VMODEL,MODEL_YR,STATUS,INS_NO) VALUES (2231231,'HONDA','CITY',2016,'F',1000000015);

INSERT INTO PM_VEHCLE (VIN,VMAKE,VMODEL,MODEL_YR,STATUS,INS_NO) VALUES (2231232,'HONDA','ACCORD',2016,'F',1000000016);

INSERT INTO PM_VEHCLE (VIN,VMAKE,VMODEL,MODEL_YR,STATUS,INS_NO) VALUES (2231233,'AUDI','Q3',2017,'L',1000000018);

INSERT INTO PM_VEHCLE (VIN,VMAKE,VMODEL,MODEL_YR,STATUS,INS_NO) VALUES (2231234,'AUDI','Q5',2017,'O',1000000020);

INSERT INTO PM_VEHCLE (VIN,VMAKE,VMODEL,MODEL_YR,STATUS,INS_NO) VALUES (2231235,'HONDA','CIVIC',2018,'O',1000000023);

INSERT INTO PM_VEHCLE (VIN,VMAKE,VMODEL,MODEL_YR,STATUS,INS_NO) VALUES (2231236,'BMW','X2',2017,'L',1000000025);

INSERT INTO PM_VEHCLE (VIN,VMAKE,VMODEL,MODEL_YR,STATUS,INS_NO) VALUES (2231237,'BMW','MINI',2018,'O',1000000027);

INSERT INTO PM_VEHCLE (VIN,VMAKE,VMODEL,MODEL_YR,STATUS,INS_NO) VALUES (2231238,'BMW','M3',2015,'O',1000000029);

INSERT INTO PM_VEHCLE (VIN,VMAKE,VMODEL,MODEL_YR,STATUS,INS_NO) VALUES (2231239,'CHEVROLET','CAMARO',2017,'L',1000000025);

INSERT INTO PM_VEHCLE (VIN,VMAKE,VMODEL,MODEL_YR,STATUS,INS_NO) VALUES (1231231,'CHEVROLET','CORVETTE',2018,'F',1000000027);

INSERT INTO PM_VEHCLE (VIN,VMAKE,VMODEL,MODEL_YR,STATUS,INS_NO) VALUES (1231232,'CHEVROLET','SONIC',2015,'O',1000000029);

INSERT INTO PM_VEHCLE (VIN,VMAKE,VMODEL,MODEL_YR,STATUS,INS_NO) VALUES (1231233,'TOYOTA','COROLLA',2015,'L',1000000020);


INSERT INTO PM_VEHCLE (VIN,VMAKE,VMODEL,MODEL_YR,STATUS,INS_NO) VALUES (2031235,'HONDA','CITY',2015,'O',1000000033);

INSERT INTO PM_VEHCLE (VIN,VMAKE,VMODEL,MODEL_YR,STATUS,INS_NO) VALUES (2031236,'BMW','4',2015,'L',1000000034);

INSERT INTO PM_VEHCLE (VIN,VMAKE,VMODEL,MODEL_YR,STATUS,INS_NO) VALUES (2031237,'BMW','3',2016,'O',1000000035);

INSERT INTO PM_VEHCLE (VIN,VMAKE,VMODEL,MODEL_YR,STATUS,INS_NO) VALUES (2031238,'BMW','M4',2016,'O',1000000037);

INSERT INTO PM_VEHCLE (VIN,VMAKE,VMODEL,MODEL_YR,STATUS,INS_NO) VALUES (2031239,'CHEVROLET','EV',2016,'L',1000000037);

INSERT INTO PM_VEHCLE (VIN,VMAKE,VMODEL,MODEL_YR,STATUS,INS_NO) VALUES (1031231,'CHEVROLET','EXPRESS',2017,'F',1000000039);

INSERT INTO PM_VEHCLE (VIN,VMAKE,VMODEL,MODEL_YR,STATUS,INS_NO) VALUES (1031232,'CHEVROLET','SONIC',2017,'O',1000000039);

INSERT INTO PM_VEHCLE (VIN,VMAKE,VMODEL,MODEL_YR,STATUS,INS_NO) VALUES (1031233,'TOYOTA','CAMRY',2017,'L',1000000040);

COMMIT;





INSERT INTO PM_DRIVER (LICENCE,D_FNAME,D_LNAME,BIRTHDATE,VIN) VALUES (1231231231,'JOEY','TRIBBIANI','15-JUL-1990',1231234);

INSERT INTO PM_DRIVER (LICENCE,D_FNAME,D_LNAME,D_MNAME,BIRTHDATE,VIN) VALUES (1231231232,'RACHEL','GREEN','KAREN','25-MAY-1984',1231235);

INSERT INTO PM_DRIVER (LICENCE,D_FNAME,D_LNAME,D_MNAME,BIRTHDATE,VIN) VALUES (1231231233,'KAYLA','WU','WANG','02-APR-1988',1231236);

INSERT INTO PM_DRIVER (LICENCE,D_FNAME,D_LNAME,BIRTHDATE,VIN) VALUES (1231231234,'HOWARD','WOLOWITZ','5-JUN-1990',1231237);

INSERT INTO PM_DRIVER (LICENCE,D_FNAME,D_LNAME,BIRTHDATE,VIN) VALUES (1231231235,'DANIEL','RIGGS','13-FEB-1989',1231238);

INSERT INTO PM_DRIVER (LICENCE,D_FNAME,D_LNAME,D_MNAME,BIRTHDATE,VIN) VALUES (1231231236,'CHANDLER','BING','MURIEL','06-JAN-1991',1231239);

INSERT INTO PM_DRIVER (LICENCE,D_FNAME,D_LNAME,D_MNAME,BIRTHDATE,VIN) VALUES (1231231237,'RAJESH','KOOTHRAPALLI','RAMAYAN','5-JUN-1992',2231231);

INSERT INTO PM_DRIVER (LICENCE,D_FNAME,D_LNAME,BIRTHDATE,VIN) VALUES (1231231238,'MONICA','GELLER','12-MAR-1987',2231232);

INSERT INTO PM_DRIVER (LICENCE,D_FNAME,D_LNAME,BIRTHDATE,VIN) VALUES (1231231239,'PENNY','HOFSTADER','14-MAY-1993',2231233);

INSERT INTO PM_DRIVER (LICENCE,D_FNAME,D_LNAME,D_MNAME,BIRTHDATE,VIN) VALUES (2231231231,'SHELDON','COOPER','LEE','5-NOV-1992',1231233);

INSERT INTO PM_DRIVER (LICENCE,D_FNAME,D_LNAME,BIRTHDATE,VIN) VALUES (2231231232,'GEROGE','COOPER','15-DEC-1990',2231234);

INSERT INTO PM_DRIVER (LICENCE,D_FNAME,D_LNAME,D_MNAME,BIRTHDATE,VIN) VALUES (2231231233,'AMY','FOWLER','FARRAH','23-SEP-1990',2231235);

INSERT INTO PM_DRIVER (LICENCE,D_FNAME,D_LNAME,BIRTHDATE,VIN) VALUES (2231231234,'ABIGAIL','GLENN','15-JULY-1990',2231236);

INSERT INTO PM_DRIVER (LICENCE,D_FNAME,D_LNAME,BIRTHDATE,VIN) VALUES (2231231235,'EMMA','GLENN','30-OCT-1992',2231239);

INSERT INTO PM_DRIVER (LICENCE,D_FNAME,D_LNAME,BIRTHDATE,VIN) VALUES (2231231236,'MICHAEL','SCOTT','3-FEB-1980',2231237);

INSERT INTO PM_DRIVER (LICENCE,D_FNAME,D_LNAME,BIRTHDATE,VIN) VALUES (2231231237,'LENOARD','HOFFSTADER','1-MAR-1991',1231231);

INSERT INTO PM_DRIVER (LICENCE,D_FNAME,D_LNAME,BIRTHDATE,VIN) VALUES (2231231238,'ROSS','GELLER','15-SEP-1983',1231232);

INSERT INTO PM_DRIVER (LICENCE,D_FNAME,D_LNAME,BIRTHDATE,VIN) VALUES (2231231239,'SAM','GELLER','15-APR-1986',2231238);


INSERT INTO PM_DRIVER (LICENCE,D_FNAME,D_LNAME,BIRTHDATE,VIN) VALUES (1233451231,'MIKE','TRIBBIANI','15-JUL-1990',1231234);

INSERT INTO PM_DRIVER (LICENCE,D_FNAME,D_LNAME,D_MNAME,BIRTHDATE,VIN) VALUES (1233451232,'AMY','GREEN','KAREN','20-MAY-1985',1231235);




INSERT INTO PM_DRIVER (LICENCE,D_FNAME,D_LNAME,BIRTHDATE,VIN) VALUES (2631231233,'BETTY','NOLAN','21-AUG-1990',2031235);

INSERT INTO PM_DRIVER (LICENCE,D_FNAME,D_LNAME,BIRTHDATE,VIN) VALUES (6231231234,'TAYLOR','ROSS','05-JUN-1991',2031236);

INSERT INTO PM_DRIVER (LICENCE,D_FNAME,D_LNAME,BIRTHDATE,VIN) VALUES (2631231235,'CHRIS','NOLAN','21-SEP-1991',2031237);



INSERT INTO PM_DRIVER (LICENCE,D_FNAME,D_LNAME,BIRTHDATE,VIN) VALUES (2631231237,'DEEPIKA','PATEL','03-FEB-1994',2031238);

INSERT INTO PM_DRIVER (LICENCE,D_FNAME,D_LNAME,BIRTHDATE,VIN) VALUES (2631231238,'HARSH','PATEL','05-JUL-1984',2031239);


INSERT INTO PM_DRIVER (LICENCE,D_FNAME,D_LNAME,D_MNAME,BIRTHDATE,VIN) VALUES (2631231236,'DWIGHT','HOWARD','JOHN','05-APR-1981',1031231);

INSERT INTO PM_DRIVER (LICENCE,D_FNAME,D_LNAME,BIRTHDATE,VIN) VALUES (1633451231,'MIKE','HOWARD','16-DEC-1989',1031232);


INSERT INTO PM_DRIVER (LICENCE,D_FNAME,D_LNAME,BIRTHDATE,VIN) VALUES (1533451232,'JACK','KIM','30-MAY-1986',1031233);

INSERT INTO PM_DRIVER (LICENCE,D_FNAME,D_LNAME,BIRTHDATE,VIN) VALUES (2631231239,'MELISSA','KIM','25-MAR-1982',1031233);

COMMIT;





INSERT INTO PM_INVOICE (INV_ID,INV_DATE,DUE_DATE,I_AMT,INS_NO) VALUES (12311,'15-MAY-2021','15-JUN-2021',1000,1000000001);

INSERT INTO PM_INVOICE (INV_ID,INV_DATE,DUE_DATE,I_AMT,INS_NO) VALUES (12312,'25-MAY-2021','25-JUN-2021',250,1000000001);

INSERT INTO PM_INVOICE (INV_ID,INV_DATE,DUE_DATE,I_AMT,INS_NO) VALUES (12313,'16-MAY-2019','16-JUN-2019',1000,1000000002);

INSERT INTO PM_INVOICE (INV_ID,INV_DATE,DUE_DATE,I_AMT,INS_NO) VALUES (12314,'26-MAY-2019','26-JUN-2019',575,1000000002);

INSERT INTO PM_INVOICE (INV_ID,INV_DATE,DUE_DATE,I_AMT,INS_NO) VALUES (12315,'05-MAY-2021','05-JUN-2021',1250,1000000003);

INSERT INTO PM_INVOICE (INV_ID,INV_DATE,DUE_DATE,I_AMT,INS_NO) VALUES (12316,'17-MAY-2020','17-JUN-2020',1300,1000000004);

INSERT INTO PM_INVOICE (INV_ID,INV_DATE,DUE_DATE,I_AMT,INS_NO) VALUES (12317,'15-FEB-2021','15-MAR-2021',1275,1000000005);

INSERT INTO PM_INVOICE (INV_ID,INV_DATE,DUE_DATE,I_AMT,INS_NO) VALUES (12318,'05-MAY-2021','05-JUN-2021',1650,1000000006);

INSERT INTO PM_INVOICE (INV_ID,INV_DATE,DUE_DATE,I_AMT,INS_NO) VALUES (12319,'25-MAY-2021','25-JUN-2021',1275,1000000007);

INSERT INTO PM_INVOICE (INV_ID,INV_DATE,DUE_DATE,I_AMT,INS_NO) VALUES (12320,'15-MAY-2021','15-JUN-2021',1700,1000000008);

INSERT INTO PM_INVOICE (INV_ID,INV_DATE,DUE_DATE,I_AMT,INS_NO) VALUES (12321,'05-MAY-2021','05-JUN-2021',1400,1000000009);

INSERT INTO PM_INVOICE (INV_ID,INV_DATE,DUE_DATE,I_AMT,INS_NO) VALUES (12322,'25-MAY-2021','25-JUN-2021',1350,1000000010);

INSERT INTO PM_INVOICE (INV_ID,INV_DATE,DUE_DATE,I_AMT,INS_NO) VALUES (12323,'15-MAY-2021','15-JUN-2021',1200,1000000011);

INSERT INTO PM_INVOICE (INV_ID,INV_DATE,DUE_DATE,I_AMT,INS_NO) VALUES (12324,'05-MAY-2017','05-JUN-2017',1250,1000000012);

INSERT INTO PM_INVOICE (INV_ID,INV_DATE,DUE_DATE,I_AMT,INS_NO) VALUES (12325,'25-MAY-2017','25-JUN-2017',1050,1000000013);

INSERT INTO PM_INVOICE (INV_ID,INV_DATE,DUE_DATE,I_AMT,INS_NO) VALUES (12326,'15-MAY-2021','15-JUN-2021',1600,1000000014);

INSERT INTO PM_INVOICE (INV_ID,INV_DATE,DUE_DATE,I_AMT,INS_NO) VALUES (12327,'05-MAY-2021','05-JUN-2021',1300,1000000015);

INSERT INTO PM_INVOICE (INV_ID,INV_DATE,DUE_DATE,I_AMT,INS_NO) VALUES (12328,'25-MAY-2021','25-JUN-2021',1450,1000000016);

INSERT INTO PM_INVOICE (INV_ID,INV_DATE,DUE_DATE,I_AMT,INS_NO) VALUES (12329,'15-MAY-2021','15-JUN-2021',1650,1000000017);

INSERT INTO PM_INVOICE (INV_ID,INV_DATE,DUE_DATE,I_AMT,INS_NO) VALUES (12330,'05-MAY-2021','05-JUN-2021',1750,1000000018);

INSERT INTO PM_INVOICE (INV_ID,INV_DATE,DUE_DATE,I_AMT,INS_NO) VALUES (12331,'25-MAY-2021','25-JUN-2021',1700,1000000019);

INSERT INTO PM_INVOICE (INV_ID,INV_DATE,DUE_DATE,I_AMT,INS_NO) VALUES (12332,'15-MAY-2021','15-JUN-2021',1250,1000000020);

INSERT INTO PM_INVOICE (INV_ID,INV_DATE,DUE_DATE,I_AMT,INS_NO) VALUES (12333,'05-MAY-2021','05-JUN-2021',1300,1000000021);

INSERT INTO PM_INVOICE (INV_ID,INV_DATE,DUE_DATE,I_AMT,INS_NO) VALUES (12334,'25-MAY-2021','25-JUN-2021',1325,1000000022);

INSERT INTO PM_INVOICE (INV_ID,INV_DATE,DUE_DATE,I_AMT,INS_NO) VALUES (12335,'15-MAY-2021','15-JUN-2021',1425,1000000023);

INSERT INTO PM_INVOICE (INV_ID,INV_DATE,DUE_DATE,I_AMT,INS_NO) VALUES (12336,'05-MAY-2021','05-JUN-2021',1250,1000000024);

INSERT INTO PM_INVOICE (INV_ID,INV_DATE,DUE_DATE,I_AMT,INS_NO) VALUES (12337,'25-MAY-2021','25-JUN-2021',1550,1000000025);

INSERT INTO PM_INVOICE (INV_ID,INV_DATE,DUE_DATE,I_AMT,INS_NO) VALUES (12338,'15-MAY-2016','15-JUN-2016',1275,1000000026);

INSERT INTO PM_INVOICE (INV_ID,INV_DATE,DUE_DATE,I_AMT,INS_NO) VALUES (12339,'05-MAY-2021','05-JUN-2021',800,1000000027);

INSERT INTO PM_INVOICE (INV_ID,INV_DATE,DUE_DATE,I_AMT,INS_NO) VALUES (12340,'25-MAY-2021','25-JUN-2021',1900,1000000028);

INSERT INTO PM_INVOICE (INV_ID,INV_DATE,DUE_DATE,I_AMT,INS_NO) VALUES (12341,'15-MAY-2019','15-JUN-2019',850,1000000029);

INSERT INTO PM_INVOICE (INV_ID,INV_DATE,DUE_DATE,I_AMT,INS_NO) VALUES (12342,'05-MAY-2021','05-JUN-2021',1000,1000000030);



INSERT INTO PM_INVOICE (INV_ID,INV_DATE,DUE_DATE,I_AMT,INS_NO) VALUES (12353,'05-MAY-2021','05-JUN-2021',1200,1000000031);

INSERT INTO PM_INVOICE (INV_ID,INV_DATE,DUE_DATE,I_AMT,INS_NO) VALUES (12354,'25-MAY-2021','25-JUN-2021',1225,1000000032);

INSERT INTO PM_INVOICE (INV_ID,INV_DATE,DUE_DATE,I_AMT,INS_NO) VALUES (12355,'15-MAY-2021','15-JUN-2021',1325,1000000033);

INSERT INTO PM_INVOICE (INV_ID,INV_DATE,DUE_DATE,I_AMT,INS_NO) VALUES (12356,'05-MAY-2021','05-JUN-2021',1200,1000000034);

INSERT INTO PM_INVOICE (INV_ID,INV_DATE,DUE_DATE,I_AMT,INS_NO) VALUES (12357,'25-MAY-2021','25-JUN-2021',1500,1000000035);

INSERT INTO PM_INVOICE (INV_ID,INV_DATE,DUE_DATE,I_AMT,INS_NO) VALUES (12358,'15-MAY-2016','15-JUN-2015',1205,1000000036);

INSERT INTO PM_INVOICE (INV_ID,INV_DATE,DUE_DATE,I_AMT,INS_NO) VALUES (12359,'05-MAY-2021','05-JUN-2021',850,1000000037);

INSERT INTO PM_INVOICE (INV_ID,INV_DATE,DUE_DATE,I_AMT,INS_NO) VALUES (12360,'25-MAY-2021','25-JUN-2021',1700,1000000038);

INSERT INTO PM_INVOICE (INV_ID,INV_DATE,DUE_DATE,I_AMT,INS_NO) VALUES (12361,'15-MAY-2019','15-JUN-2018',950,1000000039);

INSERT INTO PM_INVOICE (INV_ID,INV_DATE,DUE_DATE,I_AMT,INS_NO) VALUES (12362,'05-MAY-2021','05-JUN-2021',1100,1000000040);

COMMIT;





INSERT INTO pm_paymnt (pay_id,pay_date,METHOD,p_amt,inv_id) VALUES (10001,'14-JUN-2021','CC',1000,12311);

INSERT INTO pm_paymnt (pay_id,pay_date,METHOD,p_amt,inv_id) VALUES (10002,'14-JUN-2021','CC',250,12312);

INSERT INTO pm_paymnt (pay_id,pay_date,METHOD,p_amt,inv_id) VALUES (10003,'15-JUN-2019','DC',1000,12313);

INSERT INTO pm_paymnt (pay_id,pay_date,METHOD,p_amt,inv_id) VALUES (10004,'15-JUN-2019','DC',575,12314);

INSERT INTO pm_paymnt (pay_id,pay_date,METHOD,p_amt,inv_id) VALUES (10005,'04-JUN-2021','CC',1000,12315);

INSERT INTO pm_paymnt (pay_id,pay_date,METHOD,p_amt,inv_id) VALUES (10006,'04-JUN-2021','PP',250,12315);

INSERT INTO pm_paymnt (pay_id,pay_date,METHOD,p_amt,inv_id) VALUES (10007,'14-JUN-2021','CK',1000,12316);

INSERT INTO pm_paymnt (pay_id,pay_date,METHOD,p_amt,inv_id) VALUES (10008,'14-JUN-2021','PP',300,12316);

INSERT INTO pm_paymnt (pay_id,pay_date,METHOD,p_amt,inv_id) VALUES (10009,'14-MAR-2021','CC',1275,12317);

INSERT INTO pm_paymnt (pay_id,pay_date,METHOD,p_amt,inv_id) VALUES (10110,'04-JUN-2021','DC',1650,12318);

INSERT INTO pm_paymnt (pay_id,pay_date,METHOD,p_amt,inv_id) VALUES (10010,'24-JUN-2021','CK',1275,12319);

INSERT INTO pm_paymnt (pay_id,pay_date,METHOD,p_amt,inv_id) VALUES (10011,'14-JUN-2021','PP',1700,12320);

INSERT INTO pm_paymnt (pay_id,pay_date,METHOD,p_amt,inv_id) VALUES (10012,'04-JUN-2021','CC',1400,12321);

INSERT INTO pm_paymnt (pay_id,pay_date,METHOD,p_amt,inv_id) VALUES (10013,'24-JUN-2021','DC',1350,12322);

INSERT INTO pm_paymnt (pay_id,pay_date,METHOD,p_amt,inv_id) VALUES (10014,'14-JUN-2021','PP',1200,12323);

INSERT INTO pm_paymnt (pay_id,pay_date,METHOD,p_amt,inv_id) VALUES (10015,'04-JUN-2021','CK',1250,12324);

INSERT INTO pm_paymnt (pay_id,pay_date,METHOD,p_amt,inv_id) VALUES (10016,'24-JUN-2021','CK',1050,12325);

INSERT INTO pm_paymnt (pay_id,pay_date,METHOD,p_amt,inv_id) VALUES (10017,'14-JUN-2021','PP',1600,12326);

INSERT INTO pm_paymnt (pay_id,pay_date,METHOD,p_amt,inv_id) VALUES (10018,'04-JUN-2021','CC',1300,12327);

INSERT INTO pm_paymnt (pay_id,pay_date,METHOD,p_amt,inv_id) VALUES (10019,'24-JUN-2021','DC',1450,12328);

INSERT INTO pm_paymnt (pay_id,pay_date,METHOD,p_amt,inv_id) VALUES (10020,'14-JUN-2021','CC',1650,12329);

INSERT INTO pm_paymnt (pay_id,pay_date,METHOD,p_amt,inv_id) VALUES (10021,'04-JUN-2021','CC',1750,12330);

INSERT INTO pm_paymnt (pay_id,pay_date,METHOD,p_amt,inv_id) VALUES (10022,'24-JUN-2021','DC',1700,12331);

INSERT INTO pm_paymnt (pay_id,pay_date,METHOD,p_amt,inv_id) VALUES (10023,'14-JUN-2021','CK',1250,12332);

INSERT INTO pm_paymnt (pay_id,pay_date,METHOD,p_amt,inv_id) VALUES (10024,'04-JUN-2021','PP',1300,12333);

INSERT INTO pm_paymnt (pay_id,pay_date,METHOD,p_amt,inv_id) VALUES (10025,'24-JUN-2021','PP',1325,12334);

INSERT INTO pm_paymnt (pay_id,pay_date,METHOD,p_amt,inv_id) VALUES (10026,'14-JUN-2021','CC',1425,12335);

INSERT INTO pm_paymnt (pay_id,pay_date,METHOD,p_amt,inv_id) VALUES (10027,'04-JUN-2021','CK',1250,12336);

INSERT INTO pm_paymnt (pay_id,pay_date,METHOD,p_amt,inv_id) VALUES (10028,'24-JUN-2021','PP',1550,12337);

INSERT INTO pm_paymnt (pay_id,pay_date,METHOD,p_amt,inv_id) VALUES (10029,'14-JUN-2021','DC',1275,12338);

INSERT INTO pm_paymnt (pay_id,pay_date,METHOD,p_amt,inv_id) VALUES (10030,'04-JUN-2021','DC',800,12339);

INSERT INTO pm_paymnt (pay_id,pay_date,METHOD,p_amt,inv_id) VALUES (10031,'24-JUN-2021','PP',1900,12340);

INSERT INTO pm_paymnt (pay_id,pay_date,METHOD,p_amt,inv_id) VALUES (10032,'14-JUN-2021','CK',850,12341);

INSERT INTO pm_paymnt (pay_id,pay_date,METHOD,p_amt,inv_id) VALUES (10033,'04-JUN-2021','CC',1800,12342);


INSERT INTO pm_paymnt (pay_id,pay_date,METHOD,p_amt,inv_id) VALUES (11024,'04-JUN-2021','PP',1300,12353);

INSERT INTO pm_paymnt (pay_id,pay_date,METHOD,p_amt,inv_id) VALUES (11025,'24-JUN-2021','PP',1325,12354);

INSERT INTO pm_paymnt (pay_id,pay_date,METHOD,p_amt,inv_id) VALUES (11026,'14-JUN-2021','CC',1425,12355);

INSERT INTO pm_paymnt (pay_id,pay_date,METHOD,p_amt,inv_id) VALUES (11027,'04-JUN-2021','CK',1250,12356);

INSERT INTO pm_paymnt (pay_id,pay_date,METHOD,p_amt,inv_id) VALUES (11028,'24-JUN-2021','PP',1550,12357);

INSERT INTO pm_paymnt (pay_id,pay_date,METHOD,p_amt,inv_id) VALUES (11029,'14-JUN-2016','DC',1275,12358);

INSERT INTO pm_paymnt (pay_id,pay_date,METHOD,p_amt,inv_id) VALUES (11030,'04-JUN-2021','DC',800,12359);

INSERT INTO pm_paymnt (pay_id,pay_date,METHOD,p_amt,inv_id) VALUES (11031,'24-JUN-2021','PP',1900,12360);

INSERT INTO pm_paymnt (pay_id,pay_date,METHOD,p_amt,inv_id) VALUES (11032,'14-JUN-2019','CK',850,12361);

INSERT INTO pm_paymnt (pay_id,pay_date,METHOD,p_amt,inv_id) VALUES (11033,'04-JUN-2021','CC',1800,12362);

COMMIT;
